{
  "Gyeongju": {
    "특징": {
      "description": "경주는 한반도에서 가장 오래된 도시 중 하나로, 신라의 천년 수도로 알려져 있습니다. 안압지와 첨성대 같은 유적지가 많아 한국 역사와 문화를 생생히 체험할 수 있는 곳입니다. 특히, 도시 전체가 유네스코 세계문화유산으로 지정된 경관을 자랑합니다.",
      "image": "https://i0.wp.com/blog.findmybucketlist.com/wp-content/uploads/2020/10/%EA%B2%BD%EC%A3%BC-%EB%B3%B4%EC%A0%952.jpg?resize=792%2C446&ssl=1g"
    },
    "문화": {
      "description": "불국사와 석굴암 같은 불교 유적은 경주의 정신적 중심지로, 매년 많은 불교 행사가 열립니다. 전통공예와 신라 왕조의 유물이 풍부해 방문객에게 신라 문화를 깊이 이해할 기회를 제공합니다. 경주의 축제는 과거와 현재를 잇는 다리 역할을 합니다.",
      "image": "https://i.namu.wiki/i/XO6E06_qrvaiZnbaLsHC-Ov1z4WI8vRqSn_R9IqHobEgHD2gYLLN3Ldi3zvnFLRYcLTQmWpRuAdsfH_2IrNNPQ.webp"
    },
    "역사": {
      "description": "경주는 삼국 통일을 이룬 신라의 수도로, 불국사와 석굴암은 당시의 건축 기술과 미적 감각을 보여줍니다. 동양에서 가장 오래된 천문대인 첨성대는 신라의 과학적 업적을 상징합니다. 이곳은 과거의 영광과 현재의 조화를 보여주는 대표적인 역사 도시입니다.",
      "image": "https://tour.gb.go.kr/file/thumbnail.do?img_physical=2021112474058989.png"
    },
    "특산물": {
      "description": "경주빵은 팥소가 들어간 부드러운 맛으로 많은 관광객에게 인기 있습니다. 경주 한우는 육질이 부드럽고 맛이 뛰어나 전국적으로 알려져 있습니다. 이 외에도 지역 전통주인 법주가 많은 사랑을 받고 있습니다.",
      "image": "https://i.namu.wiki/i/kc99KQhDzrqRA0TYORLtLWmrx2MLLJwaPykofych-ntErc3tX64HeOWgWlGrzHtuWX9zHiDtSH8U3eUR_BZQ5w.webp"
    }
  },
  "Daejeon": {
    "특징": {
      "description": "대전은 대덕연구단지를 중심으로 한국의 과학과 기술 혁신의 중심지로 자리 잡았습니다. 지리적으로 한국의 중앙에 위치해 교통이 편리하고 접근성이 뛰어납니다. 국제 과학 올림픽과 같은 행사가 열리는 등, 대전은 첨단 연구와 학문적 발전의 상징입니다.",
      "image": "https://cdn.travelview.co.kr/travelview/2020/07/21035701/4-7.jpg"
    },
    "문화": {
      "description": "대전은 과학박물관과 예술의전당이 결합된 독특한 문화를 제공합니다. 예술과 기술이 융합된 행사가 열리며, 지역 주민과 관광객이 함께 즐길 수 있습니다. 첨단 과학 기술을 주제로 한 전시와 축제가 대전의 독특한 매력을 더합니다.",
      "image": "https://cdn.imweb.me/upload/S20190806b57d6d917403a/e6ee784b98c5b.jpg"
    },
    "역사": {
      "description": "대전은 조선 시대부터 교통의 요지였으며, 철도와 도로가 발달해 오늘날에도 중요한 교통 중심지입니다. 일제강점기에는 도시 개발이 활발히 진행되었고, 현대에는 과학 도시로 발전하였습니다. 대덕연구단지 설립은 대전을 한국의 과학 수도로 자리매김하게 했습니다.",
      "image": "https://encrypted-tbn0.gstatic.com/images?q=tbn:ANd9GcTncLTV6SJBMU9gN6KfYx8dWiWmg40ODxZAaw&s"
    },
    "특산물": {
      "description": "대전의 특산물로는 달콤한 복숭아와 영양가 높은 무화과가 유명합니다. 이 두 과일은 대전의 온화한 기후와 비옥한 토양에서 자라며, 전국적으로 인기를 끌고 있습니다. 대전의 전통시장에서 신선한 특산물을 구입할 수 있습니다.",
      "image": "https://upload.wikimedia.org/wikipedia/commons/4/47/Korean_food-Muhwa_Gwa_Peach.jpg"
    }
  },
  "Busan": {
    "특징": {
      "description": "부산은 한국 최대의 항구도시이자 해양 관광 도시입니다. 해운대와 광안리 같은 아름다운 해변이 있어 관광객이 많이 찾는 명소입니다. 다양한 해양 활동과 축제가 열리는 활기찬 도시입니다.",
      "image": "https://www.visitbusan.net/uploadImgs/files/cntnts/20200101173014369"
    },
    "문화": {
      "description": "부산은 국제 영화제와 같은 대규모 문화 행사가 열리는 도시입니다. 해양 축제와 감천문화마을은 부산의 독특한 문화를 보여줍니다. 다양한 해산물 요리와 지역 축제도 부산의 매력입니다.",
      "image": "https://segyelocalnews.com/news/data/20220331/p1065573263381396_335_thum.jpg"
    },
    "역사": {
      "description": "부산은 삼국시대부터 중요한 교역 중심지로 자리 잡아왔습니다. 조선 시대에는 일본과의 무역 중심지였으며, 근대에는 항구 도시로 급격히 성장했습니다. 현재도 대한민국의 경제와 물류의 중심지로 남아 있습니다.",
      "image": "https://cdn.crowdpic.net/detail-thumb/thumb_d_36074C4D78B46D3D326A14FA759D8420.jpg"
    },
    "특산물": {
      "description": "부산의 특산물로는 신선한 명태와 다양한 종류의 어묵이 유명합니다. 특히 부산의 어묵은 독특한 맛과 식감으로 전국적으로 사랑받고 있습니다. 자갈치 시장에서는 신선한 해산물을 구매할 수 있습니다.",
      "image": "https://oasisprodproduct.edge.naverncp.com/69651/detail/detail_69651_0_28e4a03b-e05a-4af9-8846-1ec3c1f486c6.jpg"
    }
  },
  "Seoul": {
    "특징": {
      "description": "서울은 한국의 수도이자 정치, 경제, 문화의 중심지입니다. 현대적인 도시 풍경과 고궁 같은 전통적인 요소가 공존하는 매력적인 도시입니다. 세계적으로도 유명한 글로벌 도시로, 다양한 문화적 교류가 이루어지고 있습니다.",
      "image": "https://love.seoul.go.kr/tmda/Pds/Board/seoul_news_write/201712_06_1.jpg"
    },
    "문화": {
      "description": "서울은 전통과 현대 문화가 조화를 이루며, 다양한 박물관과 예술 시설이 존재합니다. 광화문과 인사동은 전통을 느낄 수 있는 명소로 유명합니다. 또한 한강 공원에서는 현대적인 여가를 즐길 수 있습니다.",
      "image": "https://encrypted-tbn0.gstatic.com/images?q=tbn:ANd9GcST0_pMV-VWzSye2Kc6QaEewO-xtuvEAwNAnQ&s"
    },
    "역사": {
      "description": "서울은 조선 시대의 수도로, 경복궁과 창덕궁 같은 유적이 잘 보존되어 있습니다. 한양도성과 북촌 한옥마을은 한국의 전통 건축을 경험할 수 있는 장소입니다. 역사와 현대가 공존하는 도시로, 다양한 시대의 이야기를 담고 있습니다.",
      "image": "https://i1.wp.com/www.agoda.com/wp-content/uploads/2019/05/Gyeongbokgung-palace-Seoul-Front-view-of-palace.jpg"
    },
    "특산물": {
      "description": "서울의 특산물로는 아름다운 전통 한복과 다채로운 떡이 유명합니다. 특히 인사동에서는 전통 공예품과 함께 떡을 맛볼 수 있는 기회가 많습니다. 한국 문화를 체험하기 좋은 기념품도 풍부합니다.",
      "image": "https://dry7pvlp22cox.cloudfront.net/mrt-images-prod/2024/07/09/x1DU/Rv7pwjgMaK.jpg"
    }
  },
  "Incheon": {
    "특징": {
      "description": "인천은 국제공항이 위치해 있어 대한민국의 관문 역할을 합니다. 송도 국제도시를 포함한 현대적 도시 설계와 자연 경관이 어우러진 도시입니다. 국제 교류와 물류의 중심지로 자리 잡고 있습니다.",
      "image": "https://www.airportsc.kr/data/file/visual/990866203_iltTQf6q_ed9ef7a81dd457bec9969ff832ea87ef45d5d7d1.jpg"
    },
    "문화": {
      "description": "인천은 차이나타운과 같은 다문화적인 공간이 특징입니다. 매년 열리는 펜타포트 록 페스티벌 등 국제적인 문화 행사가 열립니다. 전통과 현대의 조화가 이루어진 문화적 다양성이 돋보입니다.",
      "image": "https://encrypted-tbn0.gstatic.com/images?q=tbn:ANd9GcRIkA7Zm_KQLlFMX0b7bnRgrwcML7cZC5-VQQ&s"
    },
    "역사": {
      "description": "인천은 삼국 시대부터 항구 도시로 발전해왔습니다. 근대에는 개항과 함께 서양 문화가 들어오는 관문 역할을 했습니다. 월미도와 강화도는 역사적 가치와 현대적인 관광 명소로 인기가 많습니다.",
      "image": "https://cdn.incheonilbo.com/news/photo/201705/762342_291643_4902.jpg"
    },
    "특산물": {
      "description": "인천의 특산물로는 강화 속노랑 고구마와 계양 무가 있습니다. 속노랑 고구마는 단맛이 강하고 부드러운 식감으로 인기가 높습니다. 지역 전통시장에서 다양한 신선한 농산물을 구입할 수 있습니다.",
      "image": "https://encrypted-tbn0.gstatic.com/images?q=tbn:ANd9GcQMfqgQlae_-EwTkvrkoYwYa-HGzFF59MYzCg&s"
    }
  },
  "Jeju": {
    "특징": {
      "description": "제주는 한국 남쪽에 위치한 섬으로, 자연 경관이 아름답고 독특한 생태계를 가지고 있습니다. 한라산과 성산 일출봉 같은 자연 명소가 유명합니다. 사계절 내내 다양한 관광 활동을 즐길 수 있는 인기 여행지입니다.",
      "image": "https://san.chosun.com/news/photo/201911/13272_55951_153.jpg"
    },
    "문화": {
      "description": "제주는 해녀 문화와 전통 돌담길로 잘 알려져 있습니다. 지역 전통 축제와 민속 마을에서는 제주 고유의 문화를 경험할 수 있습니다. 제주 사람들의 독특한 생활 방식과 자연과의 조화를 느낄 수 있는 곳입니다.",
      "image": "https://img.khan.co.kr/news/2020/03/17/2020031801002169200183081.jpg"
    },
    "역사": {
      "description": "제주는 신라 시대부터 한국의 영토였으며, 고유한 자치 문화를 형성했습니다. 탐라국으로 시작해 현대에는 대한민국의 관광과 생태 중심지로 자리 잡았습니다. 제주 민속촌과 다양한 유적은 과거의 제주를 잘 보여줍니다.",
      "image": "https://www.agoda.com/wp-content/uploads/2024/07/Jeju-Island-1244x700.jpg"
    },
    "특산물": {
      "description": "제주의 특산물로는 신선한 감귤과 맛있는 흑돼지가 유명합니다. 감귤은 달콤한 맛과 향으로 제주를 대표하는 농산물입니다. 흑돼지는 독특한 풍미와 육질로 전국적으로 사랑받고 있습니다.",
      "image": "https://api.cdn.visitjeju.net/photomng/imgpath/202201/17/148eb222-002a-49ff-9ae8-9f9f7d634e6c.jpg"
    }
  }
}
